"MSI GeForce RTX 3090 VENTUS 3X 24G OC";"от 244 200 до 399 990 р."
"Gigabyte GeForce RTX 3090 GAMING OC 24G";"от 252 490 до 295 329 р."
"Palit GeForce RTX 3090 GamingPro";"от 254 990 до 329 120 р."
"Gigabyte GeForce RTX 3090 VISION OC 24G";"от 251 560 до 280 000 р."
"Gigabyte GeForce RTX 3090 TURBO 24G";"от 235 000 до 324 880 р."
"Palit GeForce RTX 3090 GameRock";"от 259 990 до 314 850 р."
"Asus GeForce RTX 3090 TURBO";"от 265 000 до 308 000 р."
"Gigabyte AORUS RTX 3090 GAMING BOX";"от 230 001 до 247 500 р."
"Asus GeForce RTX 3090 ROG STRIX GAMING";"от 265 000 до 302 772 р."
"MSI GeForce RTX 3090 GAMING X TRIO";"от 258 000 до 329 863 р."
"Asus GeForce RTX 3090 ROG STRIX OC White";"от 264 900 до 318 990 р."
"EVGA GeForce RTX 3090 FTW3 ULTRA GAMING";"от 245 990 до 336 700 р."
"Gigabyte GeForce RTX 3090 AORUS XTREME 24G";"от 316 720 до 318 990 р."
"Asus GeForce RTX 3090 TUF GAMING OC";"от 247 800 до 353 683 р."
"Gigabyte GeForce RTX 3090 AORUS MASTER 24G";"от 259 500 до 273 490 р."
"Gigabyte GeForce RTX 3090 EAGLE OC 24G";"от 244 200 до 299 999 р."
"ZOTAC GeForce RTX 3090 Trinity";265 000 р.
"Gainward GeForce RTX 3090 Phoenix";"от 265 000 р."
"ZOTAC GeForce RTX 3090 ArcticStorm";"от 247 302 р."
"Colorful GeForce RTX 3090 Advanced OC-V";"от 289 000 р."
"Gigabyte GeForce RTX 3090 AORUS XTREME WATERFORCE WB 24G";349 200 р.
"EVGA GeForce RTX 3090 XC3 BLACK GAMING";265 000 р.
"Asus GeForce RTX 3090 ROG STRIX White";270 000 р.
"MSI GeForce RTX 3090 GAMING TRIO 24G";"от 294 990 р."
"MSI GeForce RTX 3090 VENTUS 3X 24G OC";"от 244 200 до 399 990 р."
"Gigabyte GeForce RTX 3090 GAMING OC 24G";"от 252 490 до 295 329 р."
"Palit GeForce RTX 3090 GamingPro";"от 254 990 до 329 120 р."
"Gigabyte GeForce RTX 3090 VISION OC 24G";"от 251 560 до 280 000 р."
"Gigabyte GeForce RTX 3090 TURBO 24G";"от 235 000 до 324 880 р."
"Palit GeForce RTX 3090 GameRock";"от 259 990 до 314 850 р."
"Asus GeForce RTX 3090 TURBO";"от 265 000 до 308 000 р."
"Gigabyte AORUS RTX 3090 GAMING BOX";"от 230 001 до 247 500 р."
"Asus GeForce RTX 3090 ROG STRIX GAMING";"от 265 000 до 302 772 р."
"MSI GeForce RTX 3090 GAMING X TRIO";"от 258 000 до 329 863 р."
"Asus GeForce RTX 3090 ROG STRIX OC White";"от 264 900 до 318 990 р."
"EVGA GeForce RTX 3090 FTW3 ULTRA GAMING";"от 245 990 до 336 700 р."
"Gigabyte GeForce RTX 3090 AORUS XTREME 24G";"от 316 720 до 318 990 р."
"Asus GeForce RTX 3090 TUF GAMING OC";"от 247 800 до 353 683 р."
"Gigabyte GeForce RTX 3090 AORUS MASTER 24G";"от 259 500 до 273 490 р."
"Gigabyte GeForce RTX 3090 EAGLE OC 24G";"от 244 200 до 299 999 р."
"ZOTAC GeForce RTX 3090 Trinity";265 000 р.
"Gainward GeForce RTX 3090 Phoenix";"от 265 000 р."
"ZOTAC GeForce RTX 3090 ArcticStorm";"от 247 302 р."
"Colorful GeForce RTX 3090 Advanced OC-V";"от 289 000 р."
"Gigabyte GeForce RTX 3090 AORUS XTREME WATERFORCE WB 24G";349 200 р.
"EVGA GeForce RTX 3090 XC3 BLACK GAMING";265 000 р.
"Asus GeForce RTX 3090 ROG STRIX White";270 000 р.
"MSI GeForce RTX 3090 GAMING TRIO 24G";"от 294 990 р."
"MSI GeForce RTX 3090 VENTUS 3X 24G OC";"от 244 200 до 399 990 р."
"Gigabyte GeForce RTX 3090 GAMING OC 24G";"от 252 490 до 295 329 р."
"Palit GeForce RTX 3090 GamingPro";"от 254 990 до 329 120 р."
"Gigabyte GeForce RTX 3090 VISION OC 24G";"от 251 560 до 280 000 р."
"Gigabyte GeForce RTX 3090 TURBO 24G";"от 235 000 до 324 880 р."
"Palit GeForce RTX 3090 GameRock";"от 259 990 до 314 850 р."
"Asus GeForce RTX 3090 TURBO";"от 265 000 до 308 000 р."
"Gigabyte AORUS RTX 3090 GAMING BOX";"от 230 001 до 247 500 р."
"Asus GeForce RTX 3090 ROG STRIX GAMING";"от 265 000 до 302 772 р."
"MSI GeForce RTX 3090 GAMING X TRIO";"от 258 000 до 329 863 р."
"Asus GeForce RTX 3090 ROG STRIX OC White";"от 264 900 до 318 990 р."
"EVGA GeForce RTX 3090 FTW3 ULTRA GAMING";"от 245 990 до 336 700 р."
"Gigabyte GeForce RTX 3090 AORUS XTREME 24G";"от 316 720 до 318 990 р."
"Asus GeForce RTX 3090 TUF GAMING OC";"от 247 800 до 353 683 р."
"Gigabyte GeForce RTX 3090 AORUS MASTER 24G";"от 259 500 до 273 490 р."
"Gigabyte GeForce RTX 3090 EAGLE OC 24G";"от 244 200 до 299 999 р."
"ZOTAC GeForce RTX 3090 Trinity";265 000 р.
"Gainward GeForce RTX 3090 Phoenix";"от 265 000 р."
"ZOTAC GeForce RTX 3090 ArcticStorm";"от 247 302 р."
"Colorful GeForce RTX 3090 Advanced OC-V";"от 289 000 р."
"Gigabyte GeForce RTX 3090 AORUS XTREME WATERFORCE WB 24G";349 200 р.
"EVGA GeForce RTX 3090 XC3 BLACK GAMING";265 000 р.
"Asus GeForce RTX 3090 ROG STRIX White";270 000 р.
"MSI GeForce RTX 3090 GAMING TRIO 24G";"от 294 990 р."
